Workbook

Sheet 使用说明
A1: 银饰库存总台账（百万货品统一管理）
A3: 用途：把你散落未整理的百万银饰，逐件登记，形成唯一总库存表。
A4: 核心原则：每件货品有唯一【货品编号】，入库/出库/分货全部围绕编号走。
A6: 操作流程（每天只做 3 步）：
A7: 1) 入库：新到货 → 填【入库登记】→ 系统给编号 → 拍照片存手机相册并按编号命名。
A8: 2) 出库：发货 → 填【出库登记】→ 必填【复核人】（家人发货也必须你或另一人核对）。
A9: 3) 分货：一批货分给多个客户 → 填【分货记录】→ 系统自动汇总到【总库存汇总】。
A11: 扫码思路（零预算）：用手机相机给每件货贴的【货品编号纸条】拍照即可，
A12: 编号本身当‘二维码’用；后期可换‘扫码小程序’，但 Excel 已够用。
A14: 错发防控：出库前必须拍【装箱视频】发客户确认；出库单无复核人签字=不准发货。
A15: 当前库存 = 入库总量 - 出库总量，【总库存汇总】用公式自动算，不许手填。

Sheet 货品编号规则
A1: 货品编号规则（请照此给每件货编号）
A2: 字段 | B2: 写法示例 | C2: 说明
A3: 品类代码 | B3: YG=银饰 / BS=宝石 / SP=香料 / TE=茶 / CR=手工艺 | C3: 第一位，2字母
A4: 年份月份 | B4: 2507 | C4: 到货年月，如2025年7月
A5: 流水号 | B5: 001 / 002 ... | C5: 当月第几件，3位
A6: 完整编号 | B6: YG2507001 | C6: 拼接：YG + 2507 + 001

Sheet 入库登记
A1: 入库单号 | B1: 日期 | C1: 货品编号 | D1: 货品名称 | E1: 品类 | F1: 材质/规格 | G1: 重量(g) | H1: 数量 | I1: 成本价(卢比) | J1: 成本价(人民币) | K1: 供应商 | L1: 入库人 | M1: 照片命名 | N1: 备注
A2: RK2507001
A3: RK2507002
A4: RK2507003
A5: RK2507004
A6: RK2507005
A7: RK2507006
A8: RK2507007
A9: RK2507008
A10: RK2507009
A11: RK2507010
A12: RK2507011
A13: RK2507012
... A51: RK2507050

Sheet 出库登记
A1: 出库单号 | B1: 日期 | C1: 货品编号 | D1: 数量 | E1: 客户名 | F1: 订单号 | G1: 售价(人民币) | H1: 出库人 | I1: 复核人(必填) | J1: 装箱视频(已发Y/N) | K1: 备注
A2: CK2507001
A3: CK2507002
A4: CK2507003
A5: CK2507004
A6: CK2507005
A7: CK2507006
A8: CK2507007
A9: CK2507008
A10: CK2507009
A11: CK2507010
A12: CK2507011
A13: CK2507012
... A51: CK2507050

Sheet 分货记录
A1: 分货单号 | B1: 日期 | C1: 来源入库单 | D1: 货品编号 | E1: 总数量 | F1: 拆分明细(客户:数量;客户:数量) | G1: 操作人 | H1: 复核人(必填) | I1: 备注
A2: FG2507001
A3: FG2507002
A4: FG2507003
A5: FG2507004
A6: FG2507005
A7: FG2507006
A8: FG2507007
A9: FG2507008
A10: FG2507009
A11: FG2507010
A12: FG2507011
A13: FG2507012
... A31: FG2507030

Sheet 总库存汇总
A1: 货品编号 | B1: 货品名称 | C1: 品类 | D1: 入库总量 | E1: 出库总量 | F1: 当前库存 | G1: 当前库存重量(g) | H1: 库存状态 | I1: 备注
A2: =IF(入库登记!C2="","",入库登记!C2) | B2: =IF(入库登记!C2="","",入库登记!D2) | C2: =IF(入库登记!C2="","",入库登记!E2) | D2: =IF(入库登记!C2="",0,入库登记!H2) | E2: =IF(入库登记!C2="","",SUMIF(出库登记!$C$2:$C$51,入库登记!C2,出库登记!$D$2:$D$51)) | F2: =IF(入库登记!C2="","",入库登记!H2-SUMIF(出库登记!$C$2:$C$51,入库登记!C2,出库登记!$D$2:$D$51)) | G2: =IF(入库登记!C2="","",入库登记!G2*(入库登记!H2-SUMIF(出库登记!$C$2:$C$51,入库登记!C2,出库登记!$D$2:$D$51))) | H2: =IF(入库登记!C2="","",IF((入库登记!H2-SUMIF(出库登记!$C$2:$C$51,入库登记!C2,出库登记!$D$2:$D$51))<=0,"缺货",IF((入库登记!H2-SUMIF(出库登记!$C$2:$C$51,入库登记!C2,出库登记!$D$2:$D$51))<5,"紧张","充足")))
A3: =IF(入库登记!C3="","",入库登记!C3) | B3: =IF(入库登记!C3="","",入库登记!D3) | C3: =IF(入库登记!C3="","",入库登记!E3) | D3: =IF(入库登记!C3="",0,入库登记!H3) | E3: =IF(入库登记!C3="","",SUMIF(出库登记!$C$2:$C$51,入库登记!C3,出库登记!$D$2:$D$51)) | F3: =IF(入库登记!C3="","",入库登记!H3-SUMIF(出库登记!$C$2:$C$51,入库登记!C3,出库登记!$D$2:$D$51)) | G3: =IF(入库登记!C3="","",入库登记!G3*(入库登记!H3-SUMIF(出库登记!$C$2:$C$51,入库登记!C3,出库登记!$D$2:$D$51))) | H3: =IF(入库登记!C3="","",IF((入库登记!H3-SUMIF(出库登记!$C$2:$C$51,入库登记!C3,出库登记!$D$2:$D$51))<=0,"缺货",IF((入库登记!H3-SUMIF(出库登记!$C$2:$C$51,入库登记!C3,出库登记!$D$2:$D$51))<5,"紧张","充足")))
A4: =IF(入库登记!C4="","",入库登记!C4) | B4: =IF(入库登记!C4="","",入库登记!D4) | C4: =IF(入库登记!C4="","",入库登记!E4) | D4: =IF(入库登记!C4="",0,入库登记!H4) | E4: =IF(入库登记!C4="","",SUMIF(出库登记!$C$2:$C$51,入库登记!C4,出库登记!$D$2:$D$51)) | F4: =IF(入库登记!C4="","",入库登记!H4-SUMIF(出库登记!$C$2:$C$51,入库登记!C4,出库登记!$D$2:$D$51)) | G4: =IF(入库登记!C4="","",入库登记!G4*(入库登记!H4-SUMIF(出库登记!$C$2:$C$51,入库登记!C4,出库登记!$D$2:$D$51))) | H4: =IF(入库登记!C4="","",IF((入库登记!H4-SUMIF(出库登记!$C$2:$C$51,入库登记!C4,出库登记!$D$2:$D$51))<=0,"缺货",IF((入库登记!H4-SUMIF(出库登记!$C$2:$C$51,入库登记!C4,出库登记!$D$2:$D$51))<5,"紧张","充足")))
A5: =IF(入库登记!C5="","",入库登记!C5) | B5: =IF(入库登记!C5="","",入库登记!D5) | C5: =IF(入库登记!C5="","",入库登记!E5) | D5: =IF(入库登记!C5="",0,入库登记!H5) | E5: =IF(入库登记!C5="","",SUMIF(出库登记!$C$2:$C$51,入库登记!C5,出库登记!$D$2:$D$51)) | F5: =IF(入库登记!C5="","",入库登记!H5-SUMIF(出库登记!$C$2:$C$51,入库登记!C5,出库登记!$D$2:$D$51)) | G5: =IF(入库登记!C5="","",入库登记!G5*(入库登记!H5-SUMIF(出库登记!$C$2:$C$51,入库登记!C5,出库登记!$D$2:$D$51))) | H5: =IF(入库登记!C5="","",IF((入库登记!H5-SUMIF(出库登记!$C$2:$C$51,入库登记!C5,出库登记!$D$2:$D$51))<=0,"缺货",IF((入库登记!H5-SUMIF(出库登记!$C$2:$C$51,入库登记!C5,出库登记!$D$2:$D$51))<5,"紧张","充足")))
A6: =IF(入库登记!C6="","",入库登记!C6) | B6: =IF(入库登记!C6="","",入库登记!D6) | C6: =IF(入库登记!C6="","",入库登记!E6) | D6: =IF(入库登记!C6="",0,入库登记!H6) | E6: =IF(入库登记!C6="","",SUMIF(出库登记!$C$2:$C$51,入库登记!C6,出库登记!$D$2:$D$51)) | F6: =IF(入库登记!C6="","",入库登记!H6-SUMIF(出库登记!$C$2:$C$51,入库登记!C6,出库登记!$D$2:$D$51)) | G6: =IF(入库登记!C6="","",入库登记!G6*(入库登记!H6-SUMIF(出库登记!$C$2:$C$51,入库登记!C6,出库登记!$D$2:$D$51))) | H6: =IF(入库登记!C6="","",IF((入库登记!H6-SUMIF(出库登记!$C$2:$C$51,入库登记!C6,出库登记!$D$2:$D$51))<=0,"缺货",IF((入库登记!H6-SUMIF(出库登记!$C$2:$C$51,入库登记!C6,出库登记!$D$2:$D$51))<5,"紧张","充足")))
A7: =IF(入库登记!C7="","",入库登记!C7) | B7: =IF(入库登记!C7="","",入库登记!D7) | C7: =IF(入库登记!C7="","",入库登记!E7) | D7: =IF(入库登记!C7="",0,入库登记!H7) | E7: =IF(入库登记!C7="","",SUMIF(出库登记!$C$2:$C$51,入库登记!C7,出库登记!$D$2:$D$51)) | F7: =IF(入库登记!C7="","",入库登记!H7-SUMIF(出库登记!$C$2:$C$51,入库登记!C7,出库登记!$D$2:$D$51)) | G7: =IF(入库登记!C7="","",入库登记!G7*(入库登记!H7-SUMIF(出库登记!$C$2:$C$51,入库登记!C7,出库登记!$D$2:$D$51))) | H7: =IF(入库登记!C7="","",IF((入库登记!H7-SUMIF(出库登记!$C$2:$C$51,入库登记!C7,出库登记!$D$2:$D$51))<=0,"缺货",IF((入库登记!H7-SUMIF(出库登记!$C$2:$C$51,入库登记!C7,出库登记!$D$2:$D$51))<5,"紧张","充足")))
A8: =IF(入库登记!C8="","",入库登记!C8) | B8: =IF(入库登记!C8="","",入库登记!D8) | C8: =IF(入库登记!C8="","",入库登记!E8) | D8: =IF(入库登记!C8="",0,入库登记!H8) | E8: =IF(入库登记!C8="","",SUMIF(出库登记!$C$2:$C$51,入库登记!C8,出库登记!$D$2:$D$51)) | F8: =IF(入库登记!C8="","",入库登记!H8-SUMIF(出库登记!$C$2:$C$51,入库登记!C8,出库登记!$D$2:$D$51)) | G8: =IF(入库登记!C8="","",入库登记!G8*(入库登记!H8-SUMIF(出库登记!$C$2:$C$51,入库登记!C8,出库登记!$D$2:$D$51))) | H8: =IF(入库登记!C8="","",IF((入库登记!H8-SUMIF(出库登记!$C$2:$C$51,入库登记!C8,出库登记!$D$2:$D$51))<=0,"缺货",IF((入库登记!H8-SUMIF(出库登记!$C$2:$C$51,入库登记!C8,出库登记!$D$2:$D$51))<5,"紧张","充足")))
A9: =IF(入库登记!C9="","",入库登记!C9) | B9: =IF(入库登记!C9="","",入库登记!D9) | C9: =IF(入库登记!C9="","",入库登记!E9) | D9: =IF(入库登记!C9="",0,入库登记!H9) | E9: =IF(入库登记!C9="","",SUMIF(出库登记!$C$2:$C$51,入库登记!C9,出库登记!$D$2:$D$51)) | F9: =IF(入库登记!C9="","",入库登记!H9-SUMIF(出库登记!$C$2:$C$51,入库登记!C9,出库登记!$D$2:$D$51)) | G9: =IF(入库登记!C9="","",入库登记!G9*(入库登记!H9-SUMIF(出库登记!$C$2:$C$51,入库登记!C9,出库登记!$D$2:$D$51))) | H9: =IF(入库登记!C9="","",IF((入库登记!H9-SUMIF(出库登记!$C$2:$C$51,入库登记!C9,出库登记!$D$2:$D$51))<=0,"缺货",IF((入库登记!H9-SUMIF(出库登记!$C$2:$C$51,入库登记!C9,出库登记!$D$2:$D$51))<5,"紧张","充足")))
A10: =IF(入库登记!C10="","",入库登记!C10) | B10: =IF(入库登记!C10="","",入库登记!D10) | C10: =IF(入库登记!C10="","",入库登记!E10) | D10: =IF(入库登记!C10="",0,入库登记!H10) | E10: =IF(入库登记!C10="","",SUMIF(出库登记!$C$2:$C$51,入库登记!C10,出库登记!$D$2:$D$51)) | F10: =IF(入库登记!C10="","",入库登记!H10-SUMIF(出库登记!$C$2:$C$51,入库登记!C10,出库登记!$D$2:$D$51)) | G10: =IF(入库登记!C10="","",入库登记!G10*(入库登记!H10-SUMIF(出库登记!$C$2:$C$51,入库登记!C10,出库登记!$D$2:$D$51))) | H10: =IF(入库登记!C10="","",IF((入库登记!H10-SUMIF(出库登记!$C$2:$C$51,入库登记!C10,出库登记!$D$2:$D$51))<=0,"缺货",IF((入库登记!H10-SUMIF(出库登记!$C$2:$C$51,入库登记!C10,出库登记!$D$2:$D$51))<5,"紧张","充足")))
A11: =IF(入库登记!C11="","",入库登记!C11) | B11: =IF(入库登记!C11="","",入库登记!D11) | C11: =IF(入库登记!C11="","",入库登记!E11) | D11: =IF(入库登记!C11="",0,入库登记!H11) | E11: =IF(入库登记!C11="","",SUMIF(出库登记!$C$2:$C$51,入库登记!C11,出库登记!$D$2:$D$51)) | F11: =IF(入库登记!C11="","",入库登记!H11-SUMIF(出库登记!$C$2:$C$51,入库登记!C11,出库登记!$D$2:$D$51)) | G11: =IF(入库登记!C11="","",入库登记!G11*(入库登记!H11-SUMIF(出库登记!$C$2:$C$51,入库登记!C11,出库登记!$D$2:$D$51))) | H11: =IF(入库登记!C11="","",IF((入库登记!H11-SUMIF(出库登记!$C$2:$C$51,入库登记!C11,出库登记!$D$2:$D$51))<=0,"缺货",IF((入库登记!H11-SUMIF(出库登记!$C$2:$C$51,入库登记!C11,出库登记!$D$2:$D$51))<5,"紧张","充足")))
A12: =IF(入库登记!C12="","",入库登记!C12) | B12: =IF(入库登记!C12="","",入库登记!D12) | C12: =IF(入库登记!C12="","",入库登记!E12) | D12: =IF(入库登记!C12="",0,入库登记!H12) | E12: =IF(入库登记!C12="","",SUMIF(出库登记!$C$2:$C$51,入库登记!C12,出库登记!$D$2:$D$51)) | F12: =IF(入库登记!C12="","",入库登记!H12-SUMIF(出库登记!$C$2:$C$51,入库登记!C12,出库登记!$D$2:$D$51)) | G12: =IF(入库登记!C12="","",入库登记!G12*(入库登记!H12-SUMIF(出库登记!$C$2:$C$51,入库登记!C12,出库登记!$D$2:$D$51))) | H12: =IF(入库登记!C12="","",IF((入库登记!H12-SUMIF(出库登记!$C$2:$C$51,入库登记!C12,出库登记!$D$2:$D$51))<=0,"缺货",IF((入库登记!H12-SUMIF(出库登记!$C$2:$C$51,入库登记!C12,出库登记!$D$2:$D$51))<5,"紧张","充足")))
A13: =IF(入库登记!C13="","",入库登记!C13) | B13: =IF(入库登记!C13="","",入库登记!D13) | C13: =IF(入库登记!C13="","",入库登记!E13) | D13: =IF(入库登记!C13="",0,入库登记!H13) | E13: =IF(入库登记!C13="","",SUMIF(出库登记!$C$2:$C$51,入库登记!C13,出库登记!$D$2:$D$51)) | F13: =IF(入库登记!C13="","",入库登记!H13-SUMIF(出库登记!$C$2:$C$51,入库登记!C13,出库登记!$D$2:$D$51)) | G13: =IF(入库登记!C13="","",入库登记!G13*(入库登记!H13-SUMIF(出库登记!$C$2:$C$51,入库登记!C13,出库登记!$D$2:$D$51))) | H13: =IF(入库登记!C13="","",IF((入库登记!H13-SUMIF(出库登记!$C$2:$C$51,入库登记!C13,出库登记!$D$2:$D$51))<=0,"缺货",IF((入库登记!H13-SUMIF(出库登记!$C$2:$C$51,入库登记!C13,出库登记!$D$2:$D$51))<5,"紧张","充足")))
... A201: =IF(入库登记!C201="","",入库登记!C201) | B201: =IF(入库登记!C201="","",入库登记!D201) | C201: =IF(入库登记!C201="","",入库登记!E201) | D201: =IF(入库登记!C201="",0,入库登记!H201) | E201: =IF(入库登记!C201="","",SUMIF(出库登记!$C$2:$C$51,入库登记!C201,出库登记!$D$2:$D$51)) | F201: =IF(入库登记!C201="","",入库登记!H201-SUMIF(出库登记!$C$2:$C$51,入库登记!C201,出库登记!$D$2:$D$51)) | G201: =IF(入库登记!C201="","",入库登记!G201*(入库登记!H201-SUMIF(出库登记!$C$2:$C$51,入库登记!C201,出库登记!$D$2:$D$51))) | H201: =IF(入库登记!C201="","",IF((入库登记!H201-SUMIF(出库登记!$C$2:$C$51,入库登记!C201,出库登记!$D$2:$D$51))<=0,"缺货",IF((入库登记!H201-SUMIF(出库登记!$C$2:$C$51,入库登记!C201,出库登记!$D$2:$D$51))<5,"紧张","充足")))
